名稱,統編,住址,網址,,,,,,,,
聯夏食品工業股份有限公司,80677588,臺北市中正區仁愛路1段22號6樓,http://gcis.nat.g0v.tw/id/80677588,,,,,,●,●,
今達食品有限公司,23911894,新北市五股區四維路142巷14弄8號,http://gcis.nat.g0v.tw/id/23911894,●,●,●,,,,,
今今食品股份有限公司,80611377,新北市五股區興珍里四維路142巷15、16號,http://gcis.nat.g0v.tw/id/80611377,●,●,●,,●,●,●,●
味王股份有限公司,07067309,臺北市中山區聚盛里中山北路2段79號5樓,http://gcis.nat.g0v.tw/id/07067309,,,,,,,●,
國防部福利事業管理處,,,,●,●,●,,,,,
正苗有限公司,29113361,苗栗縣後龍鎮新民里4鄰東社34-4號1樓,http://gcis.nat.g0v.tw/id/29113361,●,,,●,●,,,
高正食品有限公司,,,,●,●,●,●,●,●,●,●
高正食品有限公司,,,,,,●,●,●,●,●,
遠百企業股份有限公司,05714195,新北市板橋區四川路1段389號,http://gcis.nat.g0v.tw/id/05714195,●,●,●,●,●,●,●,●
茹美食品有限公司,16077124,新北市板橋區國慶路二七號,http://gcis.nat.g0v.tw/id/16077124,●,●,,,,,,
百哄股份有限公司,,,,●,●,,,,,,
今點股份有限公司,,,,●,,,,,,,
鴻福食品工廠有限公司,34440941,新北市板橋區金門街369巷65號,http://gcis.nat.g0v.tw/id/34440941,●,●,,,,,,
劉家肉粽股份有限公司,27439784,新北市石門區中央路30號1樓,http://gcis.nat.g0v.tw/id/27439784,,,●,,,,,
親民食品工廠有限公司,,,,,,●,,,,,
泰龍食品有限公司,,,,,●,,●,●,●,●,
味都股份有限公司,23615839,新北市新莊區雙鳳路107號6樓,http://gcis.nat.g0v.tw/id/23615839,,,,●,●,,,
長利林實業有限公司,16903406,新北市中和區國光街209號,http://gcis.nat.g0v.tw/id/16903406,●,●,●,●,●,●,●,●
錦泰什量行,,,,●,●,,,,,,
維格餅家股份有限公司,80490319,臺北市大同區承德路3段27號,http://gcis.nat.g0v.tw/id/80490319,,●,●,●,●,,,
手日嘉國際有限公司,,,,,,,●,●,,,
瑋登有限公司,96898448,新北市永和區永亨路一七三號三樓,http://gcis.nat.g0v.tw/id/96898448,●,,,,,,,
升源食品有限公司,86130827,臺北市信義區崇德街146巷4號1樓,http://gcis.nat.g0v.tw/id/86130827,,●,●,●,●,,,
長穎有限公司,,,,●,,,,,,,
義美食品股份有限公司,11768704,臺北市大同區延平北路2段31號1樓,http://gcis.nat.g0v.tw/id/11768704,,,,●,●,●,,
晉承實業有限公司,28808504,新北市蘆洲區民生街19號5樓,http://gcis.nat.g0v.tw/id/28808504,,,●,●,●,,,
聯萬有限公司,27866651,新北市五股區成泰路1段189巷18號1樓,http://gcis.nat.g0v.tw/id/27866651,●,●,●,,,,,
將荃國際貿易有限公司,,,,●,●,●,●,●,●,●,●
東逸企業股份有限公司八堵物流中心,,,,●,●,●,●,●,●,●,●
飛麥食品有限公司,27818949,新北市新莊區建國二路23號,http://gcis.nat.g0v.tw/id/27818949,,●,●,●,,,,
良晟食品股份有限公司,16338535,桃園縣八德市永豐路236巷12號,http://gcis.nat.g0v.tw/id/16338535,,,,,●,●,●,
力可企業有限公司,47223615,新竹縣竹北市白地里中正西路1556號1樓,http://gcis.nat.g0v.tw/id/47223615,●,●,●,●,●,●,●,
鴻裕食品有限公司,12926575,新北市八里區頂罟里博物館路三一號二樓,http://gcis.nat.g0v.tw/id/12926575,,●,,,,,,
家擂股份有限公司,,,,,,●,●,●,●,●,
振來實業有限公司,70490275,新北市三重區重陽里民生街88號3樓,http://gcis.nat.g0v.tw/id/70490275,●,●,●,●,●,●,●,●
嘉元食品有限公司,,,,,●,●,,,,,
家福股份有限公司,,,,●,●,●,●,●,●,●,●
晉懋行,09760071,新竹縣竹北市中興里福興東路二段１２６號5樓,http://gcis.nat.g0v.tw/id/09760071,●,●,,,,,,
洸瑞企業有限公司,,,,●,,,,,,,
惠康百貨股份有限公司,22662257,臺北市士林區華齡街175號2樓,http://gcis.nat.g0v.tw/id/22662257,●,,,,,,,
誌誠興業有限公司,,,,●,●,●,●,●,●,●,
醇峰企業有限公司,86037771,臺北市北投區中央南路1段102巷10號2樓,http://gcis.nat.g0v.tw/id/86037771,●,●,,,,,,
南僑化學工業股份有限公司,07305506,臺北市大同區延平北路4段100號,http://gcis.nat.g0v.tw/id/07305506,●,,,,,,,
信好食品廠,02296964,新北市汐止區大同路１段３３７巷１６弄１８號１樓,http://gcis.nat.g0v.tw/id/02296964,,●,,,,,,
生豐有限公司,53733159,臺北市中山區南京東路1段25號10樓之3,http://gcis.nat.g0v.tw/id/53733159,●,●,,,,,,
大潤發流通事業(股)公司土城分公司,,,,●,●,●,●,●,●,●,●
大潤發流通事業(股)公司南湖分公司,,,,●,●,●,●,●,●,●,●
大潤發流通事業(股)公司內湖分公司,,,,●,●,●,●,●,●,●,●
大潤發流通事業(股)公司新店分公司,,,,●,●,●,●,●,●,●,●
大潤發流通事業(股)公司中和分公司,,,,●,●,●,●,●,●,●,●
潤泰全球(股)公司中和分公司,,,,●,●,●,●,●,●,●,●
永誠工業股份有限公司,03150404,臺北市大安區東豐街23號1樓,http://gcis.nat.g0v.tw/id/03150404,●,●,●,●,●,,,
潤泰創新國際股份有限公司中崙分公司,,,,●,●,●,●,●,●,●,●
益欣食品股份有限公司,84527746,宜蘭縣宜蘭市梅洲里梅洲二路122號,http://gcis.nat.g0v.tw/id/84527746,●,,,,,,,
北區食品有限公司,86842059,,http://gcis.nat.g0v.tw/id/86842059,●,●,●,,,,,
大業食品有限公司,80041284,新北市泰山區同興里仁愛路6巷36號9樓,http://gcis.nat.g0v.tw/id/80041284,●,,,,,,,
嬅妮食品有限公司,22346153,新北市蘆洲區永樂街26巷30號2樓,http://gcis.nat.g0v.tw/id/22346153,●,,,,,,,
彰益有限公司,,,,●,●,●,●,●,●,●,●
珍品軒食品有限公司,24394588,新北市中和區中原里立德街112號地下一層,http://gcis.nat.g0v.tw/id/24394588,,,,●,●,●,,
味全食品工業股份有限公司,11347802,臺北市中山區松江路125號,http://gcis.nat.g0v.tw/id/11347802,●,●,●,●,●,●,,
鼎正有限公司,84384542,新北市新莊區壽山路33之22號,http://gcis.nat.g0v.tw/id/84384542,●,●,●,●,●,,,
和享味食品有限公司,,,,●,●,,,,,,
宇家香實業有限公司,27899999,新北市樹林區中山路2段151巷23號,http://gcis.nat.g0v.tw/id/27899999,●,,●,●,●,,,
健驊有限公司,80676461,新北市板橋區大觀里僑中二街88巷6之4號,http://gcis.nat.g0v.tw/id/80676461,●,,,,,,,
富信食品有限公司,,,,●,,,,,,,
高立展業有限公司,00833117,彰化縣員林鎮山腳路四段三七巷三三二號,http://gcis.nat.g0v.tw/id/00833117,●,,,,,,,
同正食品有限公司,22291431,新北市三重區仁賢街43號,http://gcis.nat.g0v.tw/id/22291431,●,●,●,●,●,●,●,●
添益行,,,,,,,●,,,,
松青商業股份有限公司,22318255,臺北市內湖區民權東路6段296巷20號,http://gcis.nat.g0v.tw/id/22318255,●,●,●,●,●,●,●,●
祥饌商業股份有限公司,,,,●,,,,,,,
沙山食品有限公司,16754898,臺北市大安區復興南路2段151巷8號4樓之5,http://gcis.nat.g0v.tw/id/16754898,●,●,●,●,●,●,●,●
三商行股份有限公司,,,,,,,●,●,●,●,
九裕汽車貨運有限公司,12741789,新北市中和區民有里民有街76號1樓,http://gcis.nat.g0v.tw/id/12741789,●,●,,,,,,
勝達火腿食品工業股份有限公司,23538995,桃園縣龜山鄉兔坑村茶專路232號,http://gcis.nat.g0v.tw/id/23538995,,,●,●,●,●,●,
華信食品工業有限公司,,,,●,,,,,,,
乾坤食品有限公司,86282529,新北市汐止區中興里中興路129號2樓,http://gcis.nat.g0v.tw/id/86282529,●,●,,●,,,,
台灣伊藤忠股份有限公司,97175005,臺北市中正區忠孝西路1段4號16樓,http://gcis.nat.g0v.tw/id/97175005,●,●,●,●,●,,,
陳金龍,,,,●,●,●,●,,,,
柏豐糧食行,02074061,新北市泰山區泰林路２段１２８號１樓,http://gcis.nat.g0v.tw/id/02074061,●,●,●,,,,,
聯合利華股份有限公司,,,,●,●,●,,,,,
禮莊食品企業有限公司,,,,●,,,,,,,
農貿食品有限公司,27617393,新北市三重區光復路1段61巷25弄1號,http://gcis.nat.g0v.tw/id/27617393,●,,,,,,,
正益食品廠有限公司,04777101,臺北市內湖區新明路321巷15號,http://gcis.nat.g0v.tw/id/04777101,●,,,,,,,
東新商行,,,,●,,,,,,,
品順有限公司,89239998,新北市汐止區汐萬路1段246號,http://gcis.nat.g0v.tw/id/89239998,●,●,●,●,,,,
誠成食品有限公司,,,,,,●,●,●,●,●,
聖興軒食品有限公司,13043761,新北市中和區南山路86號1樓,http://gcis.nat.g0v.tw/id/13043761,●,,,,,,,
李坤憲,,,,●,●,●,●,●,●,●,
李天讚,,,,●,●,●,●,●,,,
李宜靜,,,,●,●,●,,,,,
李莊秋霞,,,,,●,●,,,,,
李思儀,,,,●,,●,,,,,
正昌食品有限公司,,,,●,,●,●,,,,
建業雜糧行,48831784,臺北市大同區哈密街137號,http://gcis.nat.g0v.tw/id/48831784,,●,,,,,,
國豐商行(有)公司,,,,,●,●,,,,,
超比食品企業股份有限公司,84791870,新北市汐止區大同路1段302巷6號,http://gcis.nat.g0v.tw/id/84791870,,●,●,●,●,●,,
丹滿食品行,98919644,臺北市信義區吳興街99巷1號7樓,http://gcis.nat.g0v.tw/id/98919644,,●,,,,,,
萊成企業有限公司,,,,,●,,,,,,
馥品屋,,,,,●,●,●,,,,
鑫好企業有限公司,29084372,高雄市大樹區中山路３巷４７３號１樓,http://gcis.nat.g0v.tw/id/29084372,,●,●,●,●,●,●,
法蘭西四季烘培坊,,,,,●,●,●,,,,
康國行銷股份有限公司,22328970,臺北市中山區松江路125號10樓,http://gcis.nat.g0v.tw/id/22328970,,●,●,●,●,●,,
巧饌烘焙食品有限公司,80000185,桃園縣楊梅市大成路228號,http://gcis.nat.g0v.tw/id/80000185,,,●,,,,,
康百國際食品股份有限公司,27363216,新北市新莊區新北大道3段5號15樓之3,http://gcis.nat.g0v.tw/id/27363216,,,●,●,●,●,●,
陳維仁,,,,,,●,●,●,●,●,
明泰行,,,,,,●,,,,,
金億食品行,,,,,,,●,●,●,●,
明遠雜糧行,,,,,,,●,,,●,
法藍四季食品有限公司,29163805,新北市中和區板南路496號,http://gcis.nat.g0v.tw/id/29163805,,,,●,,,,
佛晨有限公司,53092274,臺北市中山區龍江路429巷8號1樓,http://gcis.nat.g0v.tw/id/53092274,,,,,,,●,
東東食品烘焙坊,21591993,新北市樹林區保安街１段１６巷８號,http://gcis.nat.g0v.tw/id/21591993,,,,●,●,,,
三商家購股份有限公司,28178576,,http://gcis.nat.g0v.tw/id/28178576,●,●,●,,,,,
維昌股份有限公司,22008575,臺北市中山區復興北路150號3樓,http://gcis.nat.g0v.tw/id/22008575,●,,,,,,,
大家發實業股份有限公司,80050683,新北市板橋區三民路1段101號,http://gcis.nat.g0v.tw/id/80050683,,,●,,,,,
布列德麵包股份有限公司,54172330,臺北市中山區松江路125號6樓,http://gcis.nat.g0v.tw/id/54172330,,,,,,●,●,
品坊商行,,,,,,●,●,,,,
林秀雄,05501398,臺北市文山區木新路3段310巷16弄12號1樓,http://gcis.nat.g0v.tw/id/05501398,,,,●,,,,
一之軒食品有限公司,22751743,臺北市大安區師大路53號1樓,http://gcis.nat.g0v.tw/id/22751743,,,,,,,●,
鼎源企業行,21541684,新北市林口區東勢里麗園二街42巷34號,http://gcis.nat.g0v.tw/id/21541684,,,,●,●,,,
李志勇,,,,,,,●,●,,,
楊維仁,,,,,,,●,●,●,●,
君盛餐飲服務事業有限公司,,,,,,,●,,,,
沐新食品有限公司,24266970,新北市板橋區信義路165號,http://gcis.nat.g0v.tw/id/24266970,,,,●,●,●,●,
陳業資,,,,,,,●,●,●,●,
雙翼食品有限公司,25036878,新北市樹林區忠愛街3號2樓,http://gcis.nat.g0v.tw/id/25036878,,,,●,●,●,,
蘇明珊,,,,,,,●,●,●,●,
東稻股份有限公司,27558042,新北市新莊區三和路37之2號,http://gcis.nat.g0v.tw/id/27558042,,,,,●,,,
黃金森,,,,,,,,●,,,
壯元食品有限公司,,,,,,,,,●,,
強鮮股份有限公司,27987923,新北市中和區中山路2段351號4樓之6,http://gcis.nat.g0v.tw/id/27987923,,,,●,●,●,,
捷希行銷股份有限公司,80177459,臺北市信義區基隆路1段159號6樓,http://gcis.nat.g0v.tw/id/80177459,,,,●,●,●,●,
棋美點心屋,15548203,新北市板橋區大觀路３段１９３號,http://gcis.nat.g0v.tw/id/15548203,,,,,●,●,,
林明祈,,,,,,,●,●,●,,
林明朗,01652726,臺北市南港區南港路2段204號2樓,http://gcis.nat.g0v.tw/id/01652726,,,,●,●,●,,
林明田,,,,,,,●,●,●,,
協呈食品股份有限公司,28578307,新竹市北區民富里延平路1段152號,http://gcis.nat.g0v.tw/id/28578307,,,,●,●,,,
輝利食品行,,,,,,,●,●,,,
蘇裔仁,,,,,,,,●,●,●,
德旭食品有限公司,24487811,新北市汐止區江北里汐萬路1段246號,http://gcis.nat.g0v.tw/id/24487811,,,,,●,●,●,
阪屋食品股份有限公司,96987342,臺北市信義區基隆路1段186號6樓之6,http://gcis.nat.g0v.tw/id/96987342,,,,,●,,,
亞美食品有限公司,80016068,新北市土城區承天路71巷4弄3號及5號1樓,http://gcis.nat.g0v.tw/id/80016068,,,,,●,,,
日鴻食品有限公司,53417131,新北市板橋區和平里和平路15號2樓,http://gcis.nat.g0v.tw/id/53417131,,,,,●,,,
乾杯股份有限公司,,,,,,,,●,,,
三商行股份有限公司,,,,,,,,,,●,
藍海國際餐飲股份有限公司,27730677,新北市五股區興珍里五工六路24號(1樓),http://gcis.nat.g0v.tw/id/27730677,,,,,●,●,,
乾杯一風堂股份有限公司,53697365,新北市樹林區三俊街280號,http://gcis.nat.g0v.tw/id/53697365,,,,,●,●,●,
湘鄉食品有限公司,,,,,,,,●,●,,
齊朋股份有限公司,28741758,新北市中和區連城路222巷8弄3號3樓,http://gcis.nat.g0v.tw/id/28741758,,,,,●,,,
盈客有限公司,53110033,臺北市士林區天母北路9巷2號地下,http://gcis.nat.g0v.tw/id/53110033,,,,,●,,,
馥品屋烘焙原料店,30273415,新北市樹林區大安路173號,http://gcis.nat.g0v.tw/id/30273415,,,,,●,●,,
吳建裕,,,,,,,,●,,,
林溪泉,,,,,,,,●,,,
豐碩食品有限公司,53208015,新北市土城區員仁里中央路2段390巷6號,http://gcis.nat.g0v.tw/id/53208015,,,,,,●,●,
大快食品有限公司,29164065,新北市深坑區北深路3段155巷29號5樓,http://gcis.nat.g0v.tw/id/29164065,,,,,●,,,
幸味村有限公司,28180094,臺北市內湖區民權東路6段160號5樓,http://gcis.nat.g0v.tw/id/28180094,,,,,●,,,
永康餐飲股份有限公司,53540738,臺北市內湖區陽光街345巷6號3樓,http://gcis.nat.g0v.tw/id/53540738,,,,,●,●,,
創新美味股份有限公司,53930095,臺北市中正區羅斯福路3段284巷11號1樓,http://gcis.nat.g0v.tw/id/53930095,,,,,●,,,
李勝育,,,,,,,,,●,,
龍珍食品有限公司,,,,,,,,,●,,
老字號小吃店,48976660,臺北市大安區仁愛路4段69號,http://gcis.nat.g0v.tw/id/48976660,,,,,,●,●,
李丞仁,,,,,,,,,●,,
陳仲凱,,,,,,,,,●,,
巧之軒烘焙坊,,,,,,,,,●,,
新義興餅舖,14653071,新北市淡水區水碓街４６巷９號５樓（現場僅供辦公室使用）,http://gcis.nat.g0v.tw/id/14653071,,,,,,,●,
瑪莉亞食品有限公司,86366457,新北市永和區竹林路二二九號一樓,http://gcis.nat.g0v.tw/id/86366457,,,,,,●,,
鴻華食品有限公司,29090141,新北市永和區成功路2段211巷6號1樓,http://gcis.nat.g0v.tw/id/29090141,,,,,,●,●,
金筆食品有限公司,,,,,,,,,,●,
鈺宏食品有限公司,53412987,新北市樹林區三俊街85巷6號,http://gcis.nat.g0v.tw/id/53412987,,,,,,,●,
力遠貿易股份有限公司,27566325,臺北市內湖區民權東路6段90巷31弄5號,http://gcis.nat.g0v.tw/id/27566325,,,,●,,,,
大悟實業有限公司,24253308,桃園縣龜山鄉自強東路145號,http://gcis.nat.g0v.tw/id/24253308,,●,,●,,,,
崧泉有限公司,,,,●,●,●,●,●,●,●,●
乖乖股份有限公司,04217017,桃園縣中壢市東園路48號,http://gcis.nat.g0v.tw/id/04217017,●,●,●,●,●,●,,
富煒團膳有限公司,80705682,桃園縣楊梅市中山里4鄰環東路293號,http://gcis.nat.g0v.tw/id/80705682,,,,●,●,,,
加大商行,99217889,宜蘭縣員山鄉員山村復興路一五一號一樓,http://gcis.nat.g0v.tw/id/99217889,●,●,●,●,●,●,●,●
銘新食品企業有限公司,80208002,桃園縣楊梅市仁美里仁平路27巷17號1樓,http://gcis.nat.g0v.tw/id/80208002,,●,●,●,,,,
銘新食品企業有限公司,80208002,桃園縣楊梅市仁美里仁平路27巷17號1樓,http://gcis.nat.g0v.tw/id/80208002,●,,,,,,,
潤泰創新國際股份有限公司八德分公司,,,,●,●,●,●,,,,
大潤發流通事業(股)公司平鎮分公司,,,,●,●,●,●,●,●,●,●
大潤發流通事業(股)公司中壢分公司,,,,●,●,●,●,●,●,●,●
台威食品有限公司,89528701,桃園縣龜山鄉嶺頂村東萬壽路311巷2號,http://gcis.nat.g0v.tw/id/89528701,●,●,●,,,,,
大潤發流通事業（股）公司桃園中華分公司,,,,●,●,●,,,,,
沅益食品有限公司,16728983,桃園縣八德市大湳里和成路47號,http://gcis.nat.g0v.tw/id/16728983,●,,,,,,,
逸馨園有限公司,16419810,桃園縣龜山鄉大同村大同路356巷33弄18號,http://gcis.nat.g0v.tw/id/16419810,●,,,,,,,
安佳企業社,,,,,●,,●,,●,,
御廚房食品有限公司,27646159,桃園縣龜山鄉南上村民生北路一段２巷８弄８號１樓,http://gcis.nat.g0v.tw/id/27646159,,●,,●,●,●,●,
乙馨食品行,02659424,桃園縣平鎮市建安里快速路二段六一六巷六號一樓,http://gcis.nat.g0v.tw/id/02659424,,,,,●,,,
乙馨食品行,02659424,桃園縣平鎮市建安里快速路二段六一六巷六號一樓,http://gcis.nat.g0v.tw/id/02659424,●,●,●,●,,,,
尚津實業有限公司,27610390,桃園縣桃園市廈門街61巷1之1號2樓,http://gcis.nat.g0v.tw/id/27610390,,●,●,●,●,●,,
游昌盛,,,,,●,,,,,,
陳健全,,,,,,●,,,,,
唐門食品有限公司,27304152,桃園縣楊梅市永平路539號,http://gcis.nat.g0v.tw/id/27304152,,,●,●,●,,,
祥龍食品有限公司,25155732,桃園縣楊梅市永寧里環南路109巷4號6樓,http://gcis.nat.g0v.tw/id/25155732,,,,,●,,,
大潤發流通事業股份有限公司八德分公司,,,,,,,●,●,●,●,
昇陽肉鬆行,,,,,,,●,●,,,
梁世鴻,,,,,,,●,●,●,,
金總合食材有限公司,53308133,桃園縣桃園市民族路236號4樓之4,http://gcis.nat.g0v.tw/id/53308133,,,,●,●,●,,
豪而昇國際食品有限公司,16193622,桃園縣中壢市永光里民權路3段334巷46號1樓,http://gcis.nat.g0v.tw/id/16193622,,,,,●,,,
米吉屋團膳有限公司,53263179,桃園縣中壢市過嶺里福祥路259巷3號,http://gcis.nat.g0v.tw/id/53263179,,,,,●,●,,
均廣定有限公司,16712595,桃園縣龍潭鄉華南路一段102號,http://gcis.nat.g0v.tw/id/16712595,,,,,●,●,●,
沅裕商行,09632301,桃園縣大園鄉田心村和平西路７５之３號２樓,http://gcis.nat.g0v.tw/id/09632301,,,,,●,●,●,
超秦企業股份有限公司,02634682,桃園縣桃園市永安路1063號,http://gcis.nat.g0v.tw/id/02634682,,,,,,●,,
超秦企業股份有限公司,02634682,桃園縣桃園市永安路1063號,http://gcis.nat.g0v.tw/id/02634682,,,,,●,,,
富莨行,,,,,,,,●,●,●,
艾佳食品原料行,,,,,,,,●,●,,
漢雅食品有限公司,,,,,,,,,●,,
沅富食品有限公司,54261425,桃園縣大園鄉三石村三和路64巷3弄11號,http://gcis.nat.g0v.tw/id/54261425,,,,,,●,,
紅榜股份有限公司,54257484,桃園縣平鎮市快速路2段616巷6號,http://gcis.nat.g0v.tw/id/54257484,,,,,,●,●,
囷鼎企業社,34935872,桃園縣八德市大興里重慶街188巷5弄1號1樓,http://gcis.nat.g0v.tw/id/34935872,,,,,,,●,
富翔國際食品有限公司,54222606,新竹市香山區港南里海埔路179號1樓,http://gcis.nat.g0v.tw/id/54222606,,,,,,●,●,
大通食品企業已獻公司,,,,,●,●,,,,,
普羅食品有限公司,27602080,苗栗縣竹南鎮竹南里17鄰博愛街171號1樓,http://gcis.nat.g0v.tw/id/27602080,●,●,●,●,●,●,●,
林奇珍食品行,,,,,,●,,,,,
清濱有限公司,,,,●,●,●,●,●,●,●,●
大潤發流通事業(股)公司忠孝分公司,,,,●,●,●,●,●,●,●,●
潤泰創新國際(股)公司新竹分公司,,,,●,●,●,●,●,●,●,●
良橙有限公司,80648634,新竹縣竹北市聯興里中正西路1066巷12號,http://gcis.nat.g0v.tw/id/80648634,●,●,●,●,●,●,●,●
苗霖行,99865569,臺中市南屯區大誠里大墩一街７８號,http://gcis.nat.g0v.tw/id/99865569,●,,,,,,,
冠昇食品工業股份有限公司,50503528,苗栗縣竹南鎮崎頂里8鄰山頂15號,http://gcis.nat.g0v.tw/id/50503528,●,,,,,,,
橋農食品企業有限公司,70512778,苗栗縣頭份鎮忠孝里七鄰中正路一三三號,http://gcis.nat.g0v.tw/id/70512778,,,●,,,,,
瑞源餅店,02759556,新竹縣北埔鄉北埔村南興路一二四號,http://gcis.nat.g0v.tw/id/02759556,,,●,,,,,
大潤發流通事業(股)公司頭份分公司,,,,,,●,●,●,●,●,
優賞企業有限公司,80701567,新竹市中山路640巷102號1樓,http://gcis.nat.g0v.tw/id/80701567,,,,●,●,,,
富農生技工業有限公司,53052723,苗栗縣頭份鎮自強里7鄰中正路133號,http://gcis.nat.g0v.tw/id/53052723,,,●,●,,,,
順旺行,,,,,,,●,●,●,●,
張嘉明,,,,,,,●,,,,
新勝企業有限公司,,,,,,,,●,●,●,
日丰商行,,,,,,,,●,●,●,
李永順,,,,,,,,●,,,
燈燦麻油行,,,,,,,,●,●,,
合泰食品南北雜貨行,45478979,苗栗縣頭份鎮仁愛里１０鄰東興路３２號１樓,http://gcis.nat.g0v.tw/id/45478979,,,,,●,,,
朱記食品行,30107388,新竹縣竹北市大義里尚義街６５巷２２弄２號１樓,http://gcis.nat.g0v.tw/id/30107388,,,,,,●,●,
羅文玉,,,,,,,,,●,,
合泰食品南雜貨行,,,,,,,,●,●,●,
春豐行,,,,,,,,,●,●,
新龍企業有限公司,54776182,新竹市香山區頂福里中山路640巷27號1樓,http://gcis.nat.g0v.tw/id/54776182,,,,,,,●,
連興油行,05394714,臺中市西屯區何仁里長安路一段４５號一樓,http://gcis.nat.g0v.tw/id/05394714,●,●,●,●,●,●,●,●
大潤發流通事業(股)公司台中分公司,,,,●,●,●,●,●,●,●,●
張春行,55917505,臺中市豐原區西湳里文昌街９５巷１２號１樓,http://gcis.nat.g0v.tw/id/55917505,●,●,●,●,●,●,●,●
昌勝食品有限公司,84396104,臺中市北區益華街6、8號,http://gcis.nat.g0v.tw/id/84396104,●,●,●,●,●,●,●,●
辰豐實業有限公司,84517249,臺中市西屯區中清路151之25號,http://gcis.nat.g0v.tw/id/84517249,●,●,●,,●,●,●,●
利生食品有限公司,84560097,臺中市西屯區大河里河南路2段83號1樓,http://gcis.nat.g0v.tw/id/84560097,,,,,,●,●,
今口香調理食品有限公司,23832625,臺中市太平區太平里甲堤路608號,http://gcis.nat.g0v.tw/id/23832625,,●,●,●,●,●,●,
大買家股份有限公司台中北屯分公司,,,,●,●,●,●,●,●,●,●
大買家股份有限公司,84442769,臺中市西區大隆路20號14樓之8,http://gcis.nat.g0v.tw/id/84442769,●,●,●,●,●,●,●,●
大買家股份有限公司大里國光分公司,,,,●,●,●,●,●,●,●,●
聯弘有限公司,16926111,臺中市大甲區順天里信義路38之3號,http://gcis.nat.g0v.tw/id/16926111,●,●,●,●,●,●,●,
果子町有限公司,12925323,臺中市太平區中平里中興路55-11號2樓,http://gcis.nat.g0v.tw/id/12925323,●,,,,,,,
中憶長城有限公司,,,,●,●,●,●,●,,,
林文波,,,,●,,,,,,,
羽捷食品有限公司,80702502,臺中市烏日區溪埧里溪福路128巷50號1樓,http://gcis.nat.g0v.tw/id/80702502,,●,●,,,,,
楊其派,,,,●,●,,,,,,
振良行有限公司,89307284,臺中市豐原區陽明里自強南街221號1樓,http://gcis.nat.g0v.tw/id/89307284,●,●,●,●,●,●,●,●
真圓企業有限公司,,,,,●,●,,,,,
重地企業有限公司,,,,●,●,●,●,●,●,●,●
台糖-西屯,,,,●,,,,,,,
宏茆有限公司,80618097,臺中市西區五權西六街84號1樓,http://gcis.nat.g0v.tw/id/80618097,●,●,●,●,●,●,●,
香豪佳食品有限公司,23381044,臺中市大里區大元里大衛路49號,http://gcis.nat.g0v.tw/id/23381044,●,,,,,,,
東昇食品有限公司,22114442,臺中市西區精誠路317號1樓,http://gcis.nat.g0v.tw/id/22114442,●,,,,,,,
佳順免洗餐具商行,,,,●,,,,,,,
家會香食品股份有限公司,22214293,臺中市西區公正里大進街114號1樓,http://gcis.nat.g0v.tw/id/22214293,●,●,●,●,●,●,●,
金協和南北雜貨行,17385520,臺中市北屯區水景里景賢南二路107之1號,http://gcis.nat.g0v.tw/id/17385520,●,,,,,,,
味全食品工業（股）公司台中總廠,,,,,●,,●,●,●,●,
麥達康食品有限公司,,,,●,●,●,●,,,,
福有全食品廠有限公司,,,,,●,,,,,,
就是美南北雜貨免洗餐具量販店,,,,,●,,,,,,
就是美南北雜貨免洗餐具量販店,,,,●,,,,,,,
味宏食品行,45300376,臺中市大甲區頂店里中山路１段１２１０巷９號１樓,http://gcis.nat.g0v.tw/id/45300376,,●,●,●,,,,
尚順食品有限公司,,,,,●,,,,,,
馬味之祖實業有限公司,24293189,臺中市北屯區仁和里水湳路145-6號1樓,http://gcis.nat.g0v.tw/id/24293189,,,●,●,●,●,●,
金籠粵式點心專賣店,45841921,臺中市北區五常里五權路409號1樓,http://gcis.nat.g0v.tw/id/45841921,,,●,,,,,
耕坊行股份有限公司,23537996,臺中市西屯區協和里工業區16路5號,http://gcis.nat.g0v.tw/id/23537996,,,●,●,●,●,●,
優勢餐飲企業股份有限公司,25194405,臺中市太平區旱溪東路二段168號1樓,http://gcis.nat.g0v.tw/id/25194405,,,●,●,●,●,●,
急食鮮調理食品有限公司,13076066,臺中市太平區鵬儀路296巷6弄45號,http://gcis.nat.g0v.tw/id/13076066,,,●,●,●,●,●,
立晟食品有限公司,,,,,,,●,,,,
歐德意國際企業有限公司,,,,,,,●,,,,
米食家企業有限公司,28641723,臺中市大里區樹王里東興路535巷66號一樓,http://gcis.nat.g0v.tw/id/28641723,,,,,,,●,
中億商行,13953753,彰化縣福興鄉福興村沿海路５段３２１號,http://gcis.nat.g0v.tw/id/13953753,,,,●,●,●,●,
茗泰食品有限公司,28573416,臺中市北屯區昌平路2段20-3號1樓,http://gcis.nat.g0v.tw/id/28573416,,,,,,,●,
麥可利食品有限公司,13022479,臺中市神岡區社口里社口街10巷10號,http://gcis.nat.g0v.tw/id/13022479,,,,,●,,●,
台灣伊殺貝爾食品股份有限公司,,,,,,,,●,,,
長松食品有限公司,89506811,臺中市沙鹿區埔子里鎮南路一段319號,http://gcis.nat.g0v.tw/id/89506811,,,,,,●,,
勝也有限公司,28627996,臺中市北區三民路三段190號1、2樓,http://gcis.nat.g0v.tw/id/28627996,,,,,,●,,
潤泰源有限公司,54124529,臺中市大甲區順天里蔣公路231巷10號,http://gcis.nat.g0v.tw/id/54124529,,,,,,●,●,
呂氏記雪花齋實業有口民公司,,,,,,,,,●,,
大里鄉食品行,,,,,,,,,●,●,
詠祐實業有限公司,53504304,臺中市大里區仁德里仁禮街5號,http://gcis.nat.g0v.tw/id/53504304,,,,,,,●,
蘿莉亞烘焙坊,26969412,臺中市北屯區三光里昌平路一段26號1樓,http://gcis.nat.g0v.tw/id/26969412,,,,,,●,●,
九鬼食品有限公司,53287221,臺中市北區漢口路四段202號1、2樓,http://gcis.nat.g0v.tw/id/53287221,,,,,,●,●,
形美有限公司,,,,,,,,,●,●,
協意商行,,,,,,,,,,●,
馬味之祖美食有限公司,24589042,臺中市北屯區仁和里水湳路145之6號1樓,http://gcis.nat.g0v.tw/id/24589042,,,,,,,●,
太陽堂食品企業有限公司,,,,,,,,,,●,
順興食品原料行,61950100,南投縣草屯鎮炎峰里中正路586-4號,http://gcis.nat.g0v.tw/id/61950100,●,●,●,●,●,●,●,●
宏大烘焙行,25331668,南投縣埔里鎮牛眠里成功路24-5號,http://gcis.nat.g0v.tw/id/25331668,,,●,●,●,●,●,
林商號食品工廠,92826015,雲林縣斗六市嘉東里嘉東南路二八之一號,http://gcis.nat.g0v.tw/id/92826015,●,●,●,●,●,●,,
大潤發流通事業（股）公司斗南分公司,,,,●,●,●,●,●,●,●,●
七老爺企業行,88837980,雲林縣斗六市光興里興南街三二號一樓,http://gcis.nat.g0v.tw/id/88837980,●,,,,,,,
蔡志文,,,,●,●,●,●,●,,,
台糖-北港,,,,●,,,,,,,
富晨食品原料行,,,,●,,,,,,,
天下糧倉食品原料有限公司,28872189,雲林縣古坑鄉古坑村文學路85號1樓,http://gcis.nat.g0v.tw/id/28872189,●,●,,,,●,,●
林銘煌,,,,●,●,●,,,,,
林義順,,,,●,●,●,●,,,,
明彥農產有限公司,28807483,雲林縣水林鄉車港村車巷口48號,http://gcis.nat.g0v.tw/id/28807483,●,,,,,,,
莊政憲,,,,,,●,,●,●,,
味全食品工業股份有限公司,11347802,臺北市中山區松江路125號,http://gcis.nat.g0v.tw/id/11347802,,,●,,,●,●,
斗六總廠,,,,,,,,,,,
明大食品材料行,45403014,南投縣埔里鎮大城里中山路三段３４２之１號﹝限一樓使用﹞,http://gcis.nat.g0v.tw/id/45403014,,,●,,●,●,,
世緯烘焙原料行,25486043,雲林縣斗六市嘉東里嘉東南路25之2號1樓,http://gcis.nat.g0v.tw/id/25486043,,,,●,●,●,●,
楊協城,,,,,,,●,,,,
朱建義,,,,,,,,,●,,
日興堂囍餅有限公司,25175863,雲林縣北港鎮南安里中山路3號,http://gcis.nat.g0v.tw/id/25175863,,,,●,●,●,,
劉美華,,,,,,,●,●,●,●,
慶豐金商行,77810083,雲林縣斗六市光興里興南街一九號一樓,http://gcis.nat.g0v.tw/id/77810083,,,,,●,,,
囿福有限公司,23978114,雲林縣西螺鎮大園里大園街54號,http://gcis.nat.g0v.tw/id/23978114,,,,,●,●,,
華南食品工業股份有限公司,61772289,南投縣南投市永豐里自立一路9號,http://gcis.nat.g0v.tw/id/61772289,,,,,,●,●,
正味行,02639595,桃園縣桃園市信光里５鄰民生路７３８號１樓,http://gcis.nat.g0v.tw/id/02639595,,,,,,,●,
祥成有限公司,86552902,彰化縣和美鎮中圍里彰新路三段636巷46弄81號,http://gcis.nat.g0v.tw/id/86552902,●,●,●,●,●,●,●,●
和誠實業有限公司,,,,●,●,●,●,●,,,
鈺發食品有限公司,,,,●,,,,,,,
上豪食品原料行,,,,●,●,●,●,●,●,●,●
新基發實業有限公司,86229953,彰化縣彰化市華山路76號,http://gcis.nat.g0v.tw/id/86229953,●,,,,,,,
正陽股份有限公司,59318209,彰化縣彰化市台鳳里一心南街326巷56號,http://gcis.nat.g0v.tw/id/59318209,●,,,,,,,
香村食品股份有限公司,84999533,彰化縣埔心鄉瓦北村員鹿路一段366號,http://gcis.nat.g0v.tw/id/84999533,●,,,,,,,
高鶴實業有限公司,13077608,彰化縣員林鎮萬年里員水路二段四二一巷八一號,http://gcis.nat.g0v.tw/id/13077608,●,●,●,●,,,,
陳金榮,,,,●,,,,,,,
敬崎企業有限公司,22104211,彰化縣和美鎮梨盛里彰新路2段202號2樓,http://gcis.nat.g0v.tw/id/22104211,●,,,,,,,
興業建設（股)公司員林分公司,,,,●,●,●,●,●,●,●,●
苔凱行,,,,●,●,●,●,,,,
上泓食品行,,,,,,,,●,●,●,
維泰食品興業有限公司,28093676,彰化縣埔心鄉東門村中正路１段３３５巷１５弄３號,http://gcis.nat.g0v.tw/id/28093676,●,,,,,,,
徐商行食品有限公司,,,,,,,,●,,●,
日東商行,,,,●,●,●,,,,,
田記行,,,,,,●,●,●,●,●,
九龍油行時?有限公司,,,,●,●,,,,,,
奇巧調理食品股份有限公司,80210561,彰化縣北斗鎮大新里新工一路66號,http://gcis.nat.g0v.tw/id/80210561,●,●,●,●,●,●,●,
聯華食品工業股份有限公司彰化分公司,,,,●,,,,,,,
華盈食品有限公司,80144839,彰化縣員林鎮三橋里三橋街27號1樓,http://gcis.nat.g0v.tw/id/80144839,●,●,●,●,●,,,
溫莎堡西點麵包店,14867931,彰化縣員林鎮黎明里中正路６９號１樓,http://gcis.nat.g0v.tw/id/14867931,,●,●,,●,●,●,
溫莎堡西點麵包店,14867931,彰化縣員林鎮黎明里中正路６９號１樓,http://gcis.nat.g0v.tw/id/14867931,,●,,,,,,
升東有限公司,24290198,彰化縣彰化市福山里彰南路一段325巷33弄28-2號,http://gcis.nat.g0v.tw/id/24290198,,●,●,●,●,●,●,
十分健康食品有限公司,80617323,臺中市北屯區東光路772號2樓,http://gcis.nat.g0v.tw/id/80617323,,●,●,,,,,
權信行,,,,,,,,,●,●,
鴻昇食品行,,,,,,●,,,,,
興麥食品有限公司,53156797,彰化縣線西鄉頂犁村和線路741巷7號,http://gcis.nat.g0v.tw/id/53156797,,,●,●,●,●,●,
源泰昌食品工廠,,,,,,,●,,,,
和誠實業有限公司,,,,,,,●,●,●,●,
源冠調理食品股份有限公司,24213025,彰化縣北斗鎮中寮里螺陽路32號,http://gcis.nat.g0v.tw/id/24213025,,,,,,,●,
曲巷冬睛,,,,,,,●,●,●,●,
洪瑞珍餅店,,,,,,,,●,●,●,
玉珍齋有限公司,28964075,彰化縣鹿港鎮長興里中山路189號,http://gcis.nat.g0v.tw/id/28964075,,,,,●,●,●,
榛紀食品有限公司,53149608,彰化縣埔心鄉瓦北村員鹿路一段366號,http://gcis.nat.g0v.tw/id/53149608,,,,,●,●,●,
范氏肉圓生,38762751,彰化縣北斗鎮新政里中正路132號2樓,http://gcis.nat.g0v.tw/id/38762751,,,,,,●,,
田蒲川食品有限公司,80743953,彰化縣和美鎮鎮平里輝南路108號,http://gcis.nat.g0v.tw/id/80743953,,,,,,●,,
皇品食品烘焙屋,10948813,彰化縣彰化市新華里彰美路１段８２號１樓,http://gcis.nat.g0v.tw/id/10948813,,,,,,●,●,
蕭乃賓,,,,,,,,,●,,
玉珍齋,,,,,,,,,●,●,
谷統食品工業股份有限公司,66631605,嘉義縣民雄鄉北斗村成功一街7號,http://gcis.nat.g0v.tw/id/66631605,,,,,●,,,
大福食品原料千苛,,,,,,,●,,●,,
萬泰商行,,,,●,●,●,●,●,●,●,●
新瑞益原料行,93942717,嘉義市西區永和里永和街６３號一樓,http://gcis.nat.g0v.tw/id/93942717,●,●,●,●,●,●,●,●
蔡錦鴻,,,,●,●,●,●,●,●,●,
黃燦煌,,,,●,●,●,●,●,●,●,
雪花方塊酥股份有限公司,80056552,嘉義縣太保市南新里南埤路120巷56號,http://gcis.nat.g0v.tw/id/80056552,●,●,●,●,,,,
翔閔企業有限公司,70675581,嘉義縣朴子市大鄉里大槺榔1002巷231弄21號,http://gcis.nat.g0v.tw/id/70675581,●,●,●,●,●,●,●,●
大潤發流通事業（股）公司嘉義分公司,,,,●,●,●,●,●,●,●,
友溢食品有限公司,28318210,嘉義縣水上鄉忠和村檳榔樹角９號,http://gcis.nat.g0v.tw/id/28318210,,●,●,●,,,,
川吉食品有限公司,53297500,嘉義縣太保市南新里中興路二段76號1樓,http://gcis.nat.g0v.tw/id/53297500,,,●,●,,●,,
莊家錦泰昌食品有限公司,89788086,嘉義縣太保市北港路二段105巷33號,http://gcis.nat.g0v.tw/id/89788086,,,●,●,●,●,,
台灣銓華寵物科技有限公司,28895866,嘉義縣民雄鄉北斗村成功二街48號,http://gcis.nat.g0v.tw/id/28895866,,,●,,,,,
璿智國際寵物科技有限公司,53290529,嘉義市東區保義路246巷32號,http://gcis.nat.g0v.tw/id/53290529,,,,●,●,●,●,
雙億企業社,,,,,,,●,●,,●,
蔡朝琴,,,,,,,●,●,,,
愛之味食品股份有限公司,,,,,,,,●,●,,
盧腔宇,,,,,,,,●,,,
奇利食品行,25757072,嘉義市西區福安里竹圍路２０４號一樓,http://gcis.nat.g0v.tw/id/25757072,,,,,●,●,●,
新瑞益原料行,93942717,嘉義市西區永和里永和街６３號一樓,http://gcis.nat.g0v.tw/id/93942717,,,,,,●,●,
言三有限公司,53617320,嘉義市西區光路里南京東街126巷49號1樓,http://gcis.nat.g0v.tw/id/53617320,,,,,,,●,
川吉食品有限公司,53297500,嘉義縣太保市南新里中興路二段76號1樓,http://gcis.nat.g0v.tw/id/53297500,,,,,,,●,
謝明順,,,,●,●,●,●,●,●,●,●
港口 魠魚羹食品行,,,,●,,,,,,,
巴撒羅企業股份有限公司,28388876,臺南市安南區環福街61巷28號,http://gcis.nat.g0v.tw/id/28388876,●,,,,,,,
江忻怡,,,,●,,,,,,,
慶良商行,56989479,臺南市中西區萬昌里民權路1段74號1樓,http://gcis.nat.g0v.tw/id/56989479,,,●,,,,,
葉聰欽,,,,,●,●,●,●,●,,
王英美,,,,,,●,●,●,●,●,
合德興業有限公司,80246857,臺南市安定區新吉里新吉126之8號一樓,http://gcis.nat.g0v.tw/id/80246857,●,●,●,●,●,●,●,●
蔡清鋒,,,,,,●,●,●,●,●,
大家國際有限公司,80391887,臺南市北區大港里大興街162號1樓,http://gcis.nat.g0v.tw/id/80391887,,,●,●,●,●,●,
麻豆蚵仔煎,,,,●,,,,,,,
陳重森,,,,,,●,●,●,●,●,
陳秀嬌,,,,,,●,●,●,●,●,
千香國際有限公司,25062657,臺南市仁德區大發路177巷45號,http://gcis.nat.g0v.tw/id/25062657,,,,●,,,,
益盛行,,,,,●,●,●,●,●,●,
原生雜穀商行,,,,,,●,,,,,
周氏蝦捲有限公司,53132395,臺南市安平區平安里安平路408、408-1、408-2、408-3號1樓,http://gcis.nat.g0v.tw/id/53132395,,,●,●,●,●,●,
實億美食坊,,,,,,●,●,●,●,,
益盛行,,,,,,●,,,,,
王文禎,,,,,,,●,●,,,
謝明輝,,,,,,,●,,,,
南門庭院有限公司,84190412,臺南市南區日新里新興路407號,http://gcis.nat.g0v.tw/id/84190412,,,,●,,,,
世峰行,09497966,臺北市中山區松江路287號1樓,http://gcis.nat.g0v.tw/id/09497966,●,●,●,●,●,●,●,
丞泰商行,26552082,新北市板橋區溪北路172號,http://gcis.nat.g0v.tw/id/26552082,,,,●,●,,,
根香農產行,,,,,,,●,●,●,●,
禾盛企業社,,,,,,,●,●,●,,
板塊牛排館,,,,,,,●,●,,,
黃正慶,,,,,,,●,,,,
樺鍵企業股份有限公司,,,,,,,,●,●,,
金燦興商行,,,,,,,,,,●,
林金燦,00889913,基隆市信義區深澳坑路一二五巷一四號,http://gcis.nat.g0v.tw/id/00889913,●,●,●,●,●,●,●,●
楊國祥,,,,●,●,●,●,●,,,
顏俊宏,,,,,,,,●,●,,
孝青食品香料有限公司,12757640,臺南市永康區東橋里中正路277之2號1樓,http://gcis.nat.g0v.tw/id/12757640,,,,,●,,,
瑞益食品包裝商店,68833206,臺南市中西區永福里民族路2段303號1樓,http://gcis.nat.g0v.tw/id/68833206,,,,,●,,,
正豐營養便當速食調理工廠,08461223,臺南市仁德區仁愛里大同路3段380號1樓,http://gcis.nat.g0v.tw/id/08461223,,,,,●,,,
五花馬國際行銷股份有限公司,28927190,臺南市新化區全興里竹子脚200號,http://gcis.nat.g0v.tw/id/28927190,,,,,●,●,●,
李美娜,,,,●,●,●,●,●,,,
葉忠信,,,,,,,●,●,●,●,
坤峰食品股份有限公司,23711410,臺南市仁德區太子里太子五街12號,http://gcis.nat.g0v.tw/id/23711410,●,,●,●,●,●,,
黃華洲,,,,,,,●,●,●,●,
陞龍行,,,,,,●,●,,●,●,
邱南田,,,,●,●,●,●,,,,
許存寶,,,,●,●,●,●,●,●,●,●
永康興食品廠,,,,●,●,●,●,●,●,●,
林正二,,,,,,●,●,●,●,●,
妍悅企業有限公司,,,,,,●,●,●,,,
台灣芙滋食品股份有限公司,86382127,臺南市官田區二鎮里成功街55號,http://gcis.nat.g0v.tw/id/86382127,●,●,,,,,,
寶味鮮食品有限公司,24251998,臺南市安南區布袋里工明南一路3號,http://gcis.nat.g0v.tw/id/24251998,,,,,,,●,
郭承峰,,,,●,●,,●,,,,
大潤發流通事業（股）公司台南分公司,,,,●,●,●,●,●,●,●,●
大潤發流通事業（股）公司台南分公司,,,,●,●,●,●,●,●,●,●
大潤發流通事業(股)公司台南佳里店分公司,,,,●,●,●,●,●,●,●,●
正久國際有限公司,,,,,●,●,●,,,,
郭宗鑫,,,,,,,●,●,●,●,
志豐行,,,,,,●,●,●,●,●,
正久國際有限公司,,,,●,●,●,●,●,●,●,●
佶饗食品原料行,,,,,,,,,,,
寶味鮮食品廠,99280159,臺南市安南區布袋里工明南一路3號1、2樓,http://gcis.nat.g0v.tw/id/99280159,●,,,,,,,
豐佳食品商店,,,,,●,,,,,,
美芝城實業股份有限公司,86744304,臺南市南區彰南里新平路7之1號,http://gcis.nat.g0v.tw/id/86744304,●,●,●,●,●,●,●,●
富美工業原料行,68845104,臺南市北區國興里開元路312號,http://gcis.nat.g0v.tw/id/68845104,●,,●,,,,,
玹鋒企業有限公司,23194041,臺南市北區文元里文賢路1030巷66弄5號,http://gcis.nat.g0v.tw/id/23194041,●,●,●,●,●,,,
佶祥食品原料行,,,,●,●,●,●,,,,
台糖-仁德,,,,●,,,,,,,
台糖-永康,,,,●,,,,,,,
台灣糖業股份有限公司量販事業部,,,,●,●,●,●,●,,●,●
陞錩實業社,,,,,,●,,,,,
益寶商行,,,,,●,●,,,,,
毛家興,,,,●,●,,,,,,
姚錫銘,,,,●,,●,●,●,●,,
台農企業社,,,,●,,,,,,,
群泉有限公司,,,,●,,,,,,,
林姮惠,,,,,●,,,,,,
冠昌塑膠企業股份有限公司,72098278,臺南市關廟區五甲里旺萊路6號,http://gcis.nat.g0v.tw/id/72098278,●,,,,,,,
高鼎國際餐飲行銷有限公司,25040985,臺南市中西區大涼里永華路一段336號1樓,http://gcis.nat.g0v.tw/id/25040985,,,●,,,,,
信益行,,,,,,●,●,●,●,●,
七品蓮有限公司,12783648,臺南市安南區新順里開安路二號,http://gcis.nat.g0v.tw/id/12783648,●,,,,,,,
大德股份有限公司,75011660,臺南市學甲區新榮里華宗路120號,http://gcis.nat.g0v.tw/id/75011660,●,●,●,●,●,,,
銘泉食品有限公司,80720184,臺南市北區成德里和緯路二段２２３號１、２樓,http://gcis.nat.g0v.tw/id/80720184,,●,●,●,●,●,●,
立高商行,08923148,高雄市小港區華立街１號１０樓,http://gcis.nat.g0v.tw/id/08923148,,,●,●,,,,
顏明輝,05419671,臺北市內湖區內湖路1段42巷51弄10號1樓,http://gcis.nat.g0v.tw/id/05419671,,,,●,,,,
典佑商行有限公司,27601337,臺南市永康區復興路33巷78號,http://gcis.nat.g0v.tw/id/27601337,,,●,●,●,●,●,
寶味鮮食品有限公司,24251998,臺南市安南區布袋里工明南一路3號,http://gcis.nat.g0v.tw/id/24251998,,●,●,,,,,
鴻成商行,,,,,,,●,,,,
典佑商行有限公司,27601337,臺南市永康區復興路33巷78號,http://gcis.nat.g0v.tw/id/27601337,,●,●,,●,,,
玉品貿易行,10854815,臺南市安南區南里安昌街106巷11弄18號1樓,http://gcis.nat.g0v.tw/id/10854815,,●,,,,,,
志閔企業有限公司,28091712,臺南市西港區後營里後營355之6號1樓,http://gcis.nat.g0v.tw/id/28091712,,,,,,●,●,
妍悅企業有限公司,,,,,●,●,●,●,●,,
郭振壽,,,,,,●,,,,,
許財郎,,,,,,●,,,,,
明新食品企業股份有限公司,23402651,臺南市東區大學里東寧路51號1樓,http://gcis.nat.g0v.tw/id/23402651,,,●,●,●,●,●,
一畝園食品股份有限公司,27507380,臺南市新化區全興里竹子腳200號,http://gcis.nat.g0v.tw/id/27507380,,,●,●,●,,,
金全泰股份有限公司,23239011,臺南市佳里區安西里文化路613號,http://gcis.nat.g0v.tw/id/23239011,,,,●,●,●,,
烘貝榚餅工坊,,,,,,,,,●,●,
弘晟農產行,,,,,,,,,,●,
金新茂,29026134,高雄市三民區大福街154號1樓,http://gcis.nat.g0v.tw/id/29026134,,,,,,,●,
高群食品有限公司,24237048,臺南市山上區明和里明和76之72號1樓,http://gcis.nat.g0v.tw/id/24237048,,,,,,,●,
福昇食品行,,,,,,,,,,●,
昹暉企業有限公司,,,,,,,,,,●,
亞米烘焙坊,,,,,,●,●,●,●,,
蔡金錚,,,,●,●,●,●,,,,
茂盛食品原料行,,,,●,●,●,●,●,●,●,●
東森食品行,,,,●,●,,,,,,
福市企業有限公司,22535062,高雄市仁武區八德南路398巷7號,http://gcis.nat.g0v.tw/id/22535062,,,●,●,●,●,,
恆寬企業有限公司,86920408,高雄市苓雅區至誠路20號,http://gcis.nat.g0v.tw/id/86920408,●,●,●,●,●,,,
宏禧商行,,,,,●,,,,,●,
民旭工業股份有限公司,85619362,高雄市大寮區鳳屏二路38號,http://gcis.nat.g0v.tw/id/85619362,●,,,,,,,
方師傅食品有限公司,27699351,高雄市前鎮區瑞北路138號1樓,http://gcis.nat.g0v.tw/id/27699351,,,,,●,,,
貝爾國際食品有限公司,24515295,高雄市前金區六合2路242號2樓,http://gcis.nat.g0v.tw/id/24515295,,,,,,●,,
康森洋果子店,,,,,,,●,,,,
蘇展鋐,,,,,,,,●,,,
台茂化工儀器原料行,,,,,,,,●,,●,
采佶有限公司,28921077,高雄市鳳山區過埤里鳳頂路267號,http://gcis.nat.g0v.tw/id/28921077,,,,●,,,,
陳有志,,,,,,,,●,,,
旭芳食品有限公司,53230993,高雄市鳳山區北門里鳳仁路248巷5號,http://gcis.nat.g0v.tw/id/53230993,,,,,●,,,
打狗餅鋪,,,,●,,,,,,,
全味興食品有限公司,,,,,●,,,,,,
好味兒生技食品有限公司,24500167,高雄市三民區河堤南路16號,http://gcis.nat.g0v.tw/id/24500167,,,,,●,,,
威淳食品商行,25907023,高雄市楠梓區土庫5路112巷30號1樓,http://gcis.nat.g0v.tw/id/25907023,,,,,,●,,
巴特里食品有限公司英明店營業所,,,,,,,,,,●,
鼎玫企業有限公司,86906638,高雄市左營區自由4路399號,http://gcis.nat.g0v.tw/id/86906638,,,,,●,●,●,
舊振南食品有限公司,27386978,高雄市前金區中正4路84號1樓,http://gcis.nat.g0v.tw/id/27386978,,,,,●,●,●,
大直企業有限公司,,,,●,●,●,●,●,●,●,●
正祥食品有限公司,,,,●,●,●,●,●,●,●,●
大直企業有限公司,,,,,,,●,●,●,●,
巴特里食品有限公司九如店,,,,,,,,,,●,
巴特里食品有限公司民生店,,,,,,,,,,●,
師傅企業股份有限公司,,,,,,,,,●,,
元軫食品有限公司,53887392,高雄市大寮區巷尾路1之61號,http://gcis.nat.g0v.tw/id/53887392,,,,,,●,●,
達鑫交通企業有限公司,80403954,高雄市前鎮區粵江街19號5樓,http://gcis.nat.g0v.tw/id/80403954,●,,,,,,,
榮化學工業股份有限公司,,,,●,,,,,,,
家福鳳山,,,,●,●,,,,,,
展盈企業有限公司,04269942,臺北市資料空白,http://gcis.nat.g0v.tw/id/04269942,●,●,●,●,,,,
元晟食品有限公司,,,,●,●,●,●,●,●,●,●
社團法人中華民國環境技術截流器設備研究學會,,,,●,●,●,,,●,,
展盈企業有限公司,04269942,臺北市資料空白,http://gcis.nat.g0v.tw/id/04269942,,,●,,,,,
展盈企業有限公司,04269942,臺北市資料空白,http://gcis.nat.g0v.tw/id/04269942,,,●,,,,,
長奕航運股份有限公司,70496314,嘉義縣布袋鎮岑海里新北三街4號1樓,http://gcis.nat.g0v.tw/id/70496314,,,●,,,,,
展盈企業有限公司,04269942,臺北市資料空白,http://gcis.nat.g0v.tw/id/04269942,●,●,●,●,,,,
枝仔冰城實業股份有限公司,22243403,高雄市旗山區延平二路211號,http://gcis.nat.g0v.tw/id/22243403,●,●,●,●,,,,
奇美食品股份有限公司,68339681,臺南市仁德區後壁里德崙路71號,http://gcis.nat.g0v.tw/id/68339681,,,,,,●,●,
年晃企業有限公司,89410695,高雄市小港區達德街61號,http://gcis.nat.g0v.tw/id/89410695,,,●,,,,,
仲偉企業股份有限公司,16366980,臺南市仁德區仁義里義林12街31號1樓,http://gcis.nat.g0v.tw/id/16366980,,,●,●,,●,,
新全發食品行,,,,●,●,●,●,●,●,●,●
天一食品行,01759950,臺北市大安區樂業街155號1樓,http://gcis.nat.g0v.tw/id/01759950,●,,,,,,,
吳容和,,,,,●,,,,,,
大潤發流通事業股份有限公司鳳山分公司,,,,,,●,●,●,●,●,
林淑華,98113534,基隆市仁愛區仁德里愛三路１１２號２樓,http://gcis.nat.g0v.tw/id/98113534,●,●,,,,,,
允偉興業股份有限公司,85834778,高雄市大寮區過溪里華中路28號,http://gcis.nat.g0v.tw/id/85834778,●,●,●,●,,,,
良香食品有限公司,84724887,高雄市仁武區大春街86巷28號,http://gcis.nat.g0v.tw/id/84724887,●,●,●,●,●,●,●,●
福市企業有限公司,22535062,高雄市仁武區八德南路398巷7號,http://gcis.nat.g0v.tw/id/22535062,,,,,,●,●,
集香軒食品有限公司,,,,,●,●,,,,,
春鑫食品有限公司,80224805,高雄市大樹區大樹里大樹路167號,http://gcis.nat.g0v.tw/id/80224805,,,,,,,,
台灣氯化工業股份有限公司,79813987,高雄市苓雅區正言路42號,http://gcis.nat.g0v.tw/id/79813987,●,●,●,,,,,
邱國輝,,,,●,●,●,●,,,,
吳文展,,,,●,●,,,,,,
大王食品有限公司,,,,●,,,,,,,
美而美,,,,●,,,,,,,
高例股份有限公司,23356896,高雄市苓雅區武慶三路32巷2弄14號,http://gcis.nat.g0v.tw/id/23356896,●,,,●,●,●,●,
唯興食品有限公司,,,,●,,,,,,,
融囿實業有限公司,,,,,●,●,●,●,●,●,
大樂股份有限公司,,,,●,●,●,●,●,●,●,●
日通欣運股份有限公司,86862532,臺北市中山區建國北路1段35號之1，1樓,http://gcis.nat.g0v.tw/id/86862532,,●,,,,,,
天乙食品行,01344931,臺北市中山區南京東路3段80號1樓,http://gcis.nat.g0v.tw/id/01344931,●,●,,,,,,
大樂股份有限公司光華分公司,,,,●,●,,,,,,
大統百貨企業股份有限公司澄清分公司,,,,●,●,,,,,,
大統百貨股份有限公司鹽埕分公司,,,,●,●,●,●,,,,
大樂股份有限公司屏東分公司,,,,●,●,,,,,,
台糖-楠梓,,,,●,,,,,,,
得利開發事業股份有限公司,89431713,高雄市仁武區後安里水管路325巷7號,http://gcis.nat.g0v.tw/id/89431713,,●,,,,,,
得利開發事業股份有限公司,89431713,高雄市仁武區後安里水管路325巷7號,http://gcis.nat.g0v.tw/id/89431713,●,●,,,,,,
民旭工業（股）公司職工福利委員會,,,,●,,,,,,,
洪國工業股份有限公司,85945872,高雄市大寮區後庄里民族路393號,http://gcis.nat.g0v.tw/id/85945872,●,,,,,,,
祥有味食品股份有限公司,86051061,高雄市燕巢區安招里安北路283之1號,http://gcis.nat.g0v.tw/id/86051061,,,●,,,,,
大華印鐵製罐股份有限公司,83423130,高雄市仁武區考潭里仁心路227號,http://gcis.nat.g0v.tw/id/83423130,●,,,,,,,
世貿電料有限公司,,,,●,,,,,,,
黃俊豪,,,,●,●,,,,,,
大金西點麥包店,,,,,●,,,,,,
世錦機械廠,10435588,高雄市岡山區台上里成功路４６０巷９號１樓,http://gcis.nat.g0v.tw/id/10435588,,●,,,,,,
巴特里食品有限公司,24405662,高雄市鳳山區輜汽路2號,http://gcis.nat.g0v.tw/id/24405662,,,,,,,●,
洪睿澤,,,,,,,,●,●,,
雅緻蛋糕燒果子工坊,,,,,●,●,,,,,
金御園食品有限公司,13019875,高雄市大寮區林厝路32之2號1樓,http://gcis.nat.g0v.tw/id/13019875,,,●,,●,●,●,
順福昌行,,,,,●,●,,●,,●,
好麥多食品有限公司,,,,,,,●,●,,,
晶城環保服務有限公司,16464716,高雄市苓雅區中正二路20號10樓,http://gcis.nat.g0v.tw/id/16464716,,●,,,,,,
芽米食品有限公司,,,,,,●,,,,,
澄觀企業有限公司,,,,,,,,,●,,
海軍一四六艦隊,,,,,,●,,,,,
朋呈企業有限公司,80596869,高雄市大寮區會社里鳳林三路197號1樓,http://gcis.nat.g0v.tw/id/80596869,,,●,●,●,,,
我家是巴特李有限公司,53055926,高雄市鳳山區青年路2段375號,http://gcis.nat.g0v.tw/id/53055926,,,,,,,●,
巴特里食品有限公司軍校店,,,,,,,,,,●,
146艦隊,,,,,,,,,,●,
義大飲食股份有限公司,53906378,高雄市大樹區學城路一段61號2樓,http://gcis.nat.g0v.tw/id/53906378,,,,,,,●,
明洲農產行,10850753,臺南市學甲區中洲里中洲140之5號1樓,http://gcis.nat.g0v.tw/id/10850753,,,,,,,●,
盧仁禾,,,,●,,●,●,,,,
立多家商號,25771519,屏東縣屏東市泰安里信義路１４３之１號１樓,http://gcis.nat.g0v.tw/id/25771519,,,,●,●,●,,
海鴻飯店,,,,,,,●,,,,
泉億商行,76779346,屏東縣屏東市永城里青島街一五三之八號一樓,http://gcis.nat.g0v.tw/id/76779346,●,●,,,,,,
張秀芬,,,,,,,●,,,,
冠宙食品企業行,36617818,屏東縣潮州鎮光華里南京路１５３號一樓,http://gcis.nat.g0v.tw/id/36617818,,●,●,●,●,●,●,
慶祥食品有限公司,86623462,屏東縣東港鎮朝安里延平路180號,http://gcis.nat.g0v.tw/id/86623462,,,,●,●,●,●,
屏東縣東港區漁會,91321804,屏東縣東港鎮朝安里新生三路一七五號二樓,http://gcis.nat.g0v.tw/id/91321804,,,,●,●,●,●,
響隆企業有限公司,89545976,屏東縣東港鎮船頭里船頭路25之228號1樓,http://gcis.nat.g0v.tw/id/89545976,,,,,●,●,●,
邱鵬諺,,,,,,,,●,,,
張秀芬,,,,,,,,,●,●,
張興超,,,,,,,,●,,,
陸仕企業股份有限公司,83414913,屏東縣內埔鄉北寧路二段88號,http://gcis.nat.g0v.tw/id/83414913,,●,●,●,●,●,●,
禾洲企業有限公司,86331985,屏東縣潮州鎮三共里四維路71號,http://gcis.nat.g0v.tw/id/86331985,●,●,●,,,,,
思牧企業股份有限公司,90504805,屏東縣內埔鄉豐田村延平路133號,http://gcis.nat.g0v.tw/id/90504805,●,●,●,,,,,
台灣農畜產工業股份有限公司屏東工廠,,,,●,●,●,●,,,●,
李長錦,,,,●,●,●,●,●,●,●,●
黃正武,,,,●,●,●,●,,,,
張宸帷,,,,●,,,,,,,
陳權治,,,,●,●,,,,,,
陳金石,02357650,新北市中和區國光街１１２巷１６弄１４－１號,http://gcis.nat.g0v.tw/id/02357650,●,●,●,●,●,●,,
全信冷凍食品股份有限公司,22149322,高雄市三民區自由一路30號2樓,http://gcis.nat.g0v.tw/id/22149322,●,,,,,,,
蔣名城,,,,●,●,●,●,●,●,,
東大興食品有限公司,70733983,屏東縣東港鎮船頭里船頭路26-7號,http://gcis.nat.g0v.tw/id/70733983,●,,●,●,●,●,●,
陳福仁,,,,●,,,,,,,
林炳坤,,,,●,,,,,,,
林水放,,,,●,,,,,,,
台糖-屏東,,,,●,,,,,,,
吳銘峰,,,,●,●,●,,,,,
進發食品有限公司,84661686,屏東縣竹田鄉大湖村大成路21號,http://gcis.nat.g0v.tw/id/84661686,,,●,●,●,●,●,
富裕流通食品有限公司,54777555,屏東縣屏東市大武里武士街35號1樓,http://gcis.nat.g0v.tw/id/54777555,,,,,,,●,
傅騰育,,,,●,,,,,,,
張秀芬,,,,,●,,,,,,
何金發,01856550,新北市中和區和平街３６號４樓,http://gcis.nat.g0v.tw/id/01856550,●,,,,,,,
盧進陽,,,,,●,,,,,,
李美卿,,,,,●,,,,,,
林佳弘,,,,●,,,,,,,
張昌鉅,,,,,,,,,,,
黑百有限公司,84541183,屏東縣鹽埔鄉彭厝村長壽路47號,http://gcis.nat.g0v.tw/id/84541183,●,●,●,●,,,,
上焱企業有限公司,,,,,●,●,●,,,,
橙 屋烘培坊,,,,,●,,,,,,
新美香餅店,,,,,,●,,,,,
泰信食品有限公司,24419981,屏東縣潮州鎮三共里四維路73號,http://gcis.nat.g0v.tw/id/24419981,,●,●,●,●,●,●,
泰信食品有限公司,24419981,屏東縣潮州鎮三共里四維路73號,http://gcis.nat.g0v.tw/id/24419981,,●,●,●,●,●,●,
林皓宇,,,,,●,,●,●,,●,
統瀅企業股份有限公司,28033349,屏東縣屏東市廣東路442號2樓,http://gcis.nat.g0v.tw/id/28033349,,,,,●,,,
超美食品行,,,,,,,,,,●,
登檍食品有限公司,97338129,花蓮縣花蓮市中原路323號,http://gcis.nat.g0v.tw/id/97338129,●,●,●,●,●,●,●,●
楊政,37969044,金門縣金寧鄉湖埔村環島西路二段70號1樓,http://gcis.nat.g0v.tw/id/37969044,●,●,,,,,,
本居立有限公司,08123011,花蓮縣花蓮市中原路296號,http://gcis.nat.g0v.tw/id/08123011,●,●,●,●,●,●,●,●
外客來食品原料行,,,,●,●,●,●,●,●,,
泰泓行,,,,●,●,●,●,●,●,●,●
大潤發流通事業股份有限公司台東分公司,,,,●,●,●,●,●,●,●r,●
柏誠商行,,,,●,●,,,,,,
楊政峰,,,,,●,●,●,●,●,,
福昌行,,,,●,,,,,,,
惠昇商行,,,,,●,,,,,●,
陳淑鈴,,,,●,●,,,,,,
陳慧萍,,,,,●,,,,,,
東海堂食品行,19808497,臺東縣臺東市中正里中華路一段十三鄰三三九號一樓,http://gcis.nat.g0v.tw/id/19808497,●,●,,●,●,●,,
宗泰食品股份有限公司,94852164,花蓮縣花蓮市德安二街135號,http://gcis.nat.g0v.tw/id/94852164,,,,,,●,,
東海堂麵包店,37613608,臺東縣臺東市中正里中華路一段三三九號,http://gcis.nat.g0v.tw/id/37613608,,,,,,●,●,
全可企業市,,,,,,●,●,●,●,●,
益泰行,12089205,臺東縣臺東市自強里臨□街六十二巷三號一樓,http://gcis.nat.g0v.tw/id/12089205,,,●,●,●,,,
益暄行,,,,,,,●,,,,
宏源行,,,,,,,●,●,●,●,
相正企業有限公司,94795544,花蓮縣吉安鄉北昌村和平路1段138號1樓,http://gcis.nat.g0v.tw/id/94795544,,,,,,●,●,
榮義盛行,00668159,基隆市仁愛區愛九路二七號,http://gcis.nat.g0v.tw/id/00668159,●,●,●,●,●,●,●,●
宜蘭食品工業股份有限公司,41695406,宜蘭縣蘇澳鎮新城路13號,http://gcis.nat.g0v.tw/id/41695406,●,●,●,●,●,●,●,
永昇行,,,,,,,,,,●,
義豐國際食品有限公司,53305826,宜蘭縣羅東鎮賢文里民生路130-1號,http://gcis.nat.g0v.tw/id/53305826,,,,,,●,●,
啟元食品行,,,,●,●,●,●,●,●,●,●
津展食品有限公司,86675691,宜蘭縣宜蘭市延平里延平路39之8號,http://gcis.nat.g0v.tw/id/86675691,●,,,,,,,
川品商行,,,,●,●,●,,,,,
蘭陽敬業股份有限公司,84532776,宜蘭縣宜蘭市延平里延平路38之27號,http://gcis.nat.g0v.tw/id/84532776,●,●,●,●,●,●,●,●
李鵠餅店,00141304,基隆市仁愛區仁三路九Ｏ號,http://gcis.nat.g0v.tw/id/00141304,●,●,●,●,●,●,●,
陳世隆,,,,,●,●,,,,,
林建志,,,,,,,●,,,●,
益得食品廠,70924012,宜蘭縣三星鄉大義村上將路三段三七六巷二五號一樓,http://gcis.nat.g0v.tw/id/70924012,,,,,,,●,
合興國際企業有限公司,,,,,,,,,●,,
富盛烘焙材料行,14441669,基隆市仁愛區曲水里曲水街一八號一樓,http://gcis.nat.g0v.tw/id/14441669,,,,●,●,●,,
青峰商行,14902579,宜蘭縣宜蘭市新生里中山路五段一六六巷五三號﹝使用一層﹞,http://gcis.nat.g0v.tw/id/14902579,,,,,●,●,●,
譁偉有限公司,53960175,宜蘭縣五結鄉福興村五結路三段748號1樓,http://gcis.nat.g0v.tw/id/53960175,,,,,,●,,
飛虹食品有限公司,12934033,宜蘭縣礁溪鄉興農路238號,http://gcis.nat.g0v.tw/id/12934033,,,,,●,,,
金大番股份有限公司,53397368,宜蘭縣羅東鎮中山西街51之3號,http://gcis.nat.g0v.tw/id/53397368,,,,,,●,,
許凰宮,,,,●,●,●,,,,,
良金實業有限公司,27939845,金門縣金湖鎮新湖里漁村129號,http://gcis.nat.g0v.tw/id/27939845,,,,●,●,●,●,
盧全義,,,,●,●,●,●,●,●,●,●
文東商行,18226965,澎湖縣馬公市東文里文安路160號1樓,http://gcis.nat.g0v.tw/id/18226965,●,●,●,●,●,●,●,●
蔡素玲,,,,,,,●,,●,●,
鄭國志,,,,,,,,,●,,
千友食品午行,,,,,,,,,,●,
華茂發展公司,,,,●,●,●,,,,,
茂榮公司,,,,●,●,,,,,,
華茂貿易公司,,,,,,●,●,●,●,,
益富行,,,,●,●,●,●,●,●,●,●
蘇記食品行,,,,,●,,,,,,
瑞輝食品行,05397439,臺中市東區東英里三賢街215號1樓,http://gcis.nat.g0v.tw/id/05397439,,●,,,,,,
河記行,18277675,嘉義市東區興村里興村街５２號一樓,http://gcis.nat.g0v.tw/id/18277675,,●,,,,,,
金永誠行,19939879,彰化縣員林鎮黎明里永和街22號,http://gcis.nat.g0v.tw/id/19939879,●,●,●,●,●,●,●,●
彩豊食品行,77822644,雲林縣斗六市三平里西平路一三七號一樓,http://gcis.nat.g0v.tw/id/77822644,,,,,,●,●,
山大實業有限公司,89763058,高雄市苓雅區武義街18號,http://gcis.nat.g0v.tw/id/89763058,,●,,,●,,,
鄭玉秀,,,,●,,,,,,,
莊淑芬,,,,●,,,,,,,
陳冠雄,,,,●,,,,,,,
紀雅偵,,,,●,,,,,,,
鄭慧君,,,,,●,,,,,,
彰化商業銀行有限公司七賢分公司,,,,,,●,,,,,
彰化商業銀行職工福利委員會,,,,,,●,,,,,
集中保全股份有限公司,12883597,臺中市潭子區勝利路272號1-2樓,http://gcis.nat.g0v.tw/id/12883597,,,●,,,,,
財團法人臺北市教會聚會所,,,,,,●,,,,,
錢櫃林森店,,,,,,●,,,,,
美日商行,,,,,,,●,,,,
好美行,,,,,,,●,●,●,●,
Unilever Vietnam International Co. Ltd.,,,,●,,●,●,●,,,
Best Power PTE Ltd,,,,,,,,,●,,
